mape,me,mae,mpe,rmse,corr,minmax,acfe
0.4035488325289061,-11.337149358832317,11.337149358832317,-0.4035488325289061,11.844899394672128,-0.1476842126302505,0.40354883252890605,0.87259404482161
